Residue,5,41,FDA,89,114,115,apo
1,3.991333333,4.458333333,3.814,3.733666667,3.598,3.514333333,3.791333333
2,2.163333333,2.768666667,1.810333333,1.841333333,1.664666667,1.570333333,2.023666667
3,1.126333333,1.927,1.333666667,1.401666667,1.180333333,1.017333333,1.431
4,0.776666667,1.137333333,0.797,0.899,0.771,0.696666667,1.196
5,0.643,0.775333333,0.607333333,0.685333333,0.617333333,0.563666667,0.967
6,0.615333333,0.763333333,0.578666667,0.670333333,0.582666667,0.53,0.875333333
7,0.533,0.635333333,0.502,0.563666667,0.479,0.467333333,0.677
8,0.526333333,0.595,0.452666667,0.529666667,0.460333333,0.452,0.57
9,0.444666667,0.448666667,0.409,0.429,0.412,0.405333333,0.471666667
10,0.496666667,0.463333333,0.455333333,0.482666667,0.447333333,0.434,0.581333333
11,0.561333333,0.494666667,0.508333333,0.559666667,0.478666667,0.498,0.734
12,0.656333333,0.585333333,0.581,0.703333333,0.529,0.582666667,0.938666667
13,0.851,0.786666667,0.676333333,0.856666667,0.605666667,0.681,1.082666667
14,0.834,0.777,0.672333333,0.868666667,0.586666667,0.567333333,1.064
15,0.555,0.628,0.521666667,0.690666667,0.493666667,0.451,0.827
16,0.575333333,0.674666667,0.537,0.712666667,0.505666667,0.463666667,0.745
17,0.526666667,0.566333333,0.485666667,0.564333333,0.457333333,0.423,0.605666667
18,0.636666667,0.758333333,0.579666667,0.656,0.523666667,0.524,0.709333333
19,0.598,0.772666667,0.614333333,0.726,0.559666667,0.510333333,0.705
20,0.517,0.663,0.523666667,0.623,0.513666667,0.472,0.572666667
21,0.556666667,0.713333333,0.56,0.665666667,0.563,0.552333333,0.654333333
22,0.625,0.874,0.595,0.746333333,0.596333333,0.575666667,0.718
23,0.628,0.825333333,0.612666667,0.756,0.6,0.562666667,0.693
24,0.644666667,0.754666667,0.668666667,0.741333333,0.620666667,0.580333333,0.796
25,0.757,0.909666667,0.703666667,0.872333333,0.708666667,0.689333333,0.976333333
26,0.898666667,1.151333333,0.809,1.028,0.833,0.790666667,1.007333333
27,0.945666667,1.104,0.836,1.062666667,0.857,0.796,0.988666667
28,0.969,1.181,0.813,1.111666667,0.816333333,0.806666667,0.959666667
29,0.855,1.066666667,0.741333333,1.055333333,0.734666667,0.731,0.829333333
30,1.184,1.253333333,0.840666667,1.381333333,0.937333333,0.938,0.948333333
31,1.822333333,1.569333333,1.057666667,1.530666667,1.341,0.994333333,1.271666667
32,2.204,1.658666667,1.196666667,1.832666667,2.044333333,1.131,1.303
33,2.014666667,1.453,1.154,1.697333333,2.140666667,1.332333333,1.173333333
34,2.299666667,1.649,1.41,1.814666667,2.326666667,1.488666667,1.675666667
35,2.895,2.057666667,1.802,2.364666667,2.612,1.471666667,2.368666667
36,3.322333333,2.499,2.068333333,2.724,2.835,1.458,3.162
37,2.727,2.450333333,1.940333333,2.331,2.748666667,1.810333333,3.134
38,3.059,2.651333333,2.027,2.059,2.776666667,1.974,3.409
39,2.364666667,2.077666667,1.683666667,1.696,2.148333333,1.794,3.137
40,1.433666667,1.606333333,1.314333333,1.335333333,1.405333333,1.281666667,2.321666667
41,0.770333333,0.998666667,0.786,0.770666667,0.753333333,0.667333333,1.317333333
42,0.777666667,1.013333333,0.7,0.739,0.767333333,0.647666667,1.299333333
43,0.81,1.077333333,0.79,0.799,0.788333333,0.695666667,1.28
44,0.772666667,1.007333333,0.786,0.826333333,0.772333333,0.691666667,1.282666667
45,0.859,0.91,0.868333333,0.892,0.804,0.76,1.292
46,0.924333333,0.881666667,0.937,0.978666667,0.837,0.791333333,1.392333333
47,0.874666667,0.821666667,0.880666667,0.938,0.754666667,0.748,1.264666667
48,1.065666667,0.956333333,1.049333333,1.117666667,0.881333333,0.888,1.463666667
49,1.232666667,1.066333333,1.228333333,1.256666667,1.022,1.006,1.697
50,1.040666667,0.932333333,1.104,1.075333333,0.876,0.863,1.523666667
51,0.945666667,0.905333333,0.994,0.987333333,0.861333333,0.817666667,1.457666667
52,0.848,0.895666667,0.850666667,0.860333333,0.757333333,0.722,1.254333333
53,0.678333333,0.918666667,0.680666667,0.745666667,0.682666667,0.61,1.168666667
54,0.602333333,0.786666667,0.577,0.625,0.602666667,0.543666667,0.969333333
55,0.593333333,0.752,0.513333333,0.612,0.576666667,0.499333333,0.959333333
56,0.551,0.699666667,0.471666667,0.553666667,0.521,0.473333333,0.741333333
57,0.729,0.745666667,0.576666667,0.728,0.566666667,0.575,0.788
58,0.749333333,0.725,0.544666667,0.652,0.602,0.672333333,0.717666667
59,0.920333333,1.140666667,0.594333333,0.861666667,0.646333333,0.750666667,0.830333333
60,1.390666667,1.524,0.742333333,1.295333333,0.665333333,1.418333333,1.09
61,1.962333333,2.092,1.105,1.413,1.157333333,2.094666667,1.625666667
62,2.162,2.638333333,1.642333333,2.232666667,1.733,2.297,2.174666667
63,2.376,2.425666667,1.685,1.815666667,1.662,1.838,2.082666667
64,2.594333333,3.356666667,2.051666667,2.182333333,2.358,2.041333333,2.63
65,2.254,2.809,2.039,1.922,2.575333333,1.842,2.517
66,1.956,2.891333333,1.784,2.044333333,2.642666667,2.272666667,2.218666667
67,1.843333333,2.802333333,1.998666667,1.754666667,2.386666667,2.024333333,2.012333333
68,1.616,2.06,1.540333333,1.430333333,1.728,1.094333333,1.624666667
69,1.485,1.210333333,1.133333333,1.355666667,1.532666667,1.296333333,1.607333333
70,1.445666667,0.974666667,0.996,1.146666667,1.372,0.864,1.3
71,1.261666667,1.158333333,0.993333333,1.076333333,1.161,0.838333333,1.323333333
72,1.263,1.113,0.986333333,1.038666667,1.076,0.822,1.276666667
73,1.081333333,0.938666667,0.907,0.959666667,0.868333333,0.703666667,1.129666667
74,1.002,1.052,0.904666667,0.968666667,0.860333333,0.694333333,1.106333333
75,1.077,1.139333333,0.922333333,0.936666667,0.869333333,0.705333333,1.140666667
76,0.729666667,0.822333333,0.687,0.819,0.720333333,0.632,0.838
77,0.594333333,0.756,0.645333333,0.679,0.565,0.528666667,0.759666667
78,0.509666667,0.636666667,0.507,0.612333333,0.468333333,0.457666667,0.577
79,0.441,0.540666667,0.426,0.482,0.407333333,0.393,0.412333333
80,0.396333333,0.430333333,0.393,0.387,0.384333333,0.388,0.37
81,0.424666667,0.45,0.399666667,0.412333333,0.421,0.405666667,0.495666667
82,0.409666667,0.406666667,0.384666667,0.435666667,0.410666667,0.373,0.572666667
83,0.456,0.458,0.415,0.520333333,0.430666667,0.379666667,0.750333333
84,0.524,0.578666667,0.484666667,0.663333333,0.462666667,0.415333333,0.877333333
85,0.586,0.679,0.510666667,0.745666667,0.486333333,0.448333333,1.017333333
86,0.700666667,0.778333333,0.634333333,0.892,0.580333333,0.538,1.219
87,0.722333333,0.733666667,0.644,0.849666667,0.608333333,0.601,1.232
88,0.744,0.743666667,0.631666667,0.827333333,0.641,0.644333333,1.290333333
89,0.782333333,0.7,0.683,0.827333333,0.673666667,0.677,1.288333333
90,0.634333333,0.568666667,0.552666667,0.670333333,0.546666667,0.552666667,1.032333333
91,0.607666667,0.591666667,0.497666667,0.623333333,0.533,0.544,0.997666667
92,0.787666667,0.748666667,0.647666667,0.757333333,0.683333333,0.694666667,1.196666667
93,0.802333333,0.739666667,0.661666667,0.728666667,0.668666667,0.710333333,1.101333333
94,0.819333333,0.878,0.652,0.677333333,0.730333333,0.731666667,0.963666667
95,0.823,0.978333333,0.724,0.755,0.768,0.718666667,1.071333333
96,0.736333333,0.926,0.742333333,0.799,0.67,0.658333333,1.065
97,0.727333333,0.826666667,0.677333333,0.722333333,0.612333333,0.638666667,0.910666667
98,0.690333333,0.845,0.718,0.743,0.669666667,0.612,0.847
99,0.789333333,0.929333333,0.861,0.934333333,0.757,0.692666667,1.029333333
100,0.837333333,0.908333333,0.825,0.945333333,0.722333333,0.713333333,1.053
101,0.718,0.835666667,0.749,0.844333333,0.685666667,0.624666667,0.827333333
102,0.882333333,1.017,1.004333333,1.103666667,0.933333333,0.808333333,1.028
103,1.082,1.132333333,1.068333333,1.262,1.004,0.972333333,1.260333333
104,1.024,1.074,0.939333333,1.188666667,0.954666667,0.815666667,1.174
105,0.930333333,1.084333333,0.971,1.174333333,0.950333333,0.845333333,1.052
106,1.391333333,1.217666667,1.166666667,1.397333333,1.114,0.988666667,1.193
107,1.312666667,1.307666667,1.279666667,1.413333333,1.202,1.060666667,1.242
108,1.521666667,1.603,1.605333333,1.533333333,1.505333333,1.190333333,1.515333333
109,1.157,1.331333333,1.286666667,1.373,1.174,1.086666667,1.224
110,0.669,0.85,0.705666667,0.857333333,0.625666667,0.588666667,0.720666667
111,0.539666667,0.705666667,0.546666667,0.669,0.465333333,0.473666667,0.601
112,0.493,0.635666667,0.488,0.562333333,0.449,0.456666667,0.488666667
113,0.442666667,0.531666667,0.407333333,0.472666667,0.384666667,0.401,0.499
114,0.435333333,0.509666667,0.372,0.449666667,0.399,0.389333333,0.569666667
115,0.411666667,0.448333333,0.36,0.454666667,0.383,0.354666667,0.570333333
116,0.467333333,0.534666667,0.412,0.560333333,0.422,0.383333333,0.729
117,0.456,0.541333333,0.432666667,0.592,0.407666667,0.353333333,0.686666667
118,0.553,0.685333333,0.54,0.768333333,0.472666667,0.408333333,0.835666667
119,0.676333333,0.813333333,0.641,0.894333333,0.560666667,0.516666667,0.977666667
120,0.778333333,0.949333333,0.761666667,1.047,0.625,0.575333333,1.048
121,0.826333333,1.002666667,0.824,1.153,0.664666667,0.616333333,1.224
122,1.085333333,1.28,1.058333333,1.424,0.910333333,0.847333333,1.587666667
123,0.992333333,1.171666667,0.985,1.308666667,0.871666667,0.777666667,1.603666667
124,0.815,0.971666667,0.733,1.089666667,0.675333333,0.630333333,1.421666667
125,0.803333333,0.934333333,0.676666667,1.027666667,0.659333333,0.645666667,1.462333333
126,0.737333333,0.851666667,0.605,0.869666667,0.639,0.608,1.288333333
127,0.976333333,1.094333333,0.825666667,1.076333333,0.855333333,0.825333333,1.469666667
128,0.936,1.098,0.826666667,1.059333333,0.822333333,0.802333333,1.408666667
129,1.038333333,1.204333333,0.851333333,1.104333333,0.875,0.885666667,1.550666667
130,0.975,1.085333333,0.776666667,1.015,0.846333333,0.852,1.438
131,0.728,0.823333333,0.561666667,0.779333333,0.635,0.636333333,1.097333333
132,0.813666667,0.963,0.652,0.873,0.683,0.703,1.191
133,0.926333333,1.135,0.758,0.990666667,0.794666667,0.82,1.358666667
134,0.790666667,0.965,0.661666667,0.855333333,0.712333333,0.715666667,1.130666667
135,0.707666667,0.866666667,0.590666667,0.760666667,0.619333333,0.636666667,0.935
136,0.880333333,1.136333333,0.762,0.961,0.748,0.786333333,1.179
137,0.945,1.244666667,0.854,1.033,0.844333333,0.876333333,1.224666667
138,0.862333333,1.118,0.805333333,0.937333333,0.766666667,0.813,0.984
139,0.876,1.138333333,0.806666667,0.954,0.738,0.799666667,1.01
140,0.698333333,0.861333333,0.655333333,0.755,0.578,0.641333333,0.807666667
141,0.616666667,0.772333333,0.567333333,0.694333333,0.52,0.542333333,0.811333333
142,0.569333333,0.683333333,0.485666667,0.630666667,0.484333333,0.477666667,0.789333333
143,0.579333333,0.639666667,0.506666667,0.649,0.488666667,0.485666667,0.831333333
144,0.556,0.668,0.486333333,0.683666667,0.479,0.449666667,0.827333333
145,0.543,0.640333333,0.518,0.678666667,0.481666667,0.422,0.721333333
146,0.562,0.701666667,0.545333333,0.742333333,0.497333333,0.442,0.704
147,0.608666667,0.772333333,0.599333333,0.757333333,0.568666667,0.523,0.669
148,0.713,0.943,0.699,0.907333333,0.638333333,0.618333333,0.776
149,0.838666667,1.055666667,0.823,1.016333333,0.738,0.727666667,0.887666667
150,0.750666667,0.920333333,0.753666667,0.927666667,0.677333333,0.664333333,0.820666667
151,0.722666667,0.862666667,0.703666667,0.918666667,0.621333333,0.598,0.883
152,0.668,0.762333333,0.666333333,0.850666667,0.594666667,0.581,0.846666667
153,0.594333333,0.689,0.602333333,0.719666667,0.560333333,0.53,0.710666667
154,0.785333333,0.985666667,0.871666667,0.984,0.739,0.765,1.016333333
155,0.659,0.669333333,0.63,0.735,0.592,0.558333333,0.846
156,0.555,0.547333333,0.533,0.592,0.504,0.506,0.678666667
157,0.509333333,0.459333333,0.487666667,0.510333333,0.461,0.444666667,0.618666667
158,0.565666667,0.507666667,0.543333333,0.596333333,0.476333333,0.476,0.789
159,0.534333333,0.551333333,0.507,0.592333333,0.434,0.449333333,0.741666667
160,0.463333333,0.503666667,0.448666667,0.524,0.384666667,0.393333333,0.604
161,0.524333333,0.551666667,0.519666667,0.591,0.427,0.428333333,0.768666667
162,0.614666667,0.66,0.595,0.695,0.467666667,0.496666667,0.891333333
163,0.596666667,0.706,0.571333333,0.700333333,0.465,0.506,0.793333333
164,0.574333333,0.711,0.582,0.715666667,0.466333333,0.490333333,0.795
165,0.721666667,0.824,0.717666667,0.852666667,0.556,0.605333333,1.027
166,0.856666667,0.994666667,0.890666667,1.033,0.723,0.749666667,1.132333333
167,0.857333333,1.057333333,1.204666667,1.492,0.966333333,0.835,1.12
168,1.039333333,1.289666667,1.641,1.972333333,1.207666667,1.068333333,1.413
169,2.155333333,2.170666667,2.749,3.236,2.374666667,2.202,2.642333333
170,4.376333333,3.936666667,4.839,5.399666667,4.143666667,4.721666667,4.944
